rmse,mse,r2,mae,var
27.81875692725565,773.8832369777343,0.3598314296705224,20.93245037694693,441.0322998720674
