rmse,mse,r2,mae,var
27.756196202273088,770.406427619079,0.36270750188670176,20.71045382641486,442.10794121123445
