rmse,mse,r2,mae,var
27.846864631906318,775.447869827715,0.3585371403943076,20.867501700111816,359.6447084999485
