rmse,mse,r2,mae,var
26.88855479164484,722.9943787832866,0.4019275057184605,20.062149844452456,477.1898993688674
