rmse,mse,r2,mae,var
26.87050814252622,722.0242078375678,0.40273004661561407,19.994651621616043,476.52576000243903
